3222297,/tr-TR/TR/urun/LC-WAIKIKI/kadin/Tisort/6643185/3222297
3144546,/tr-TR/TR/urun/LC-WAIKIKI/kadin/Kazak/6596759/3144546
3275565,/tr-TR/TR/urun/Markalar/kadin/Pareo/500036670/3275565
3111827,/tr-TR/TR/urun/LC-WAIKIKI/kadin/Plaj-Elbisesi/6386943/3111827
3014831,/tr-TR/TR/urun/LC-WAIKIKI/kadin/Tisort/6516056/3014831
3222505,/tr-TR/TR/urun/LC-WAIKIKI/kadin/Bluz/6806624/3222505
3076477,/tr-TR/TR/urun/LC-WAIKIKI/kadin/Kazak/6571001/3076477
3188588,/tr-TR/TR/urun/LC-WAIKIKI/kadin/Gomlek/6591022/3188588
3237817,/tr-TR/TR/urun/LC-WAIKIKI/kadin/Etek/6587388/3237817
3188666,/tr-TR/TR/urun/LC-WAIKIKI/kadin/Gomlek/6592142/3188666
3188663,/tr-TR/TR/urun/LC-WAIKIKI/kadin/Gomlek/6592142/3188663
3147308,/tr-TR/TR/urun/LC-WAIKIKI/kadin/Pantolon/6507189/3147308
3166099,/tr-TR/TR/urun/LC-WAIKIKI/kadin/Tunik/6512806/3166099
2677820,/tr-TR/TR/urun/LC-WAIKIKI/kadin/Gomlek/6175281/2677820
3147306,/tr-TR/TR/urun/LC-WAIKIKI/kadin/Pantolon/6507189/3147306
3148541,/tr-TR/TR/urun/LC-WAIKIKI/kadin/Etek/6590721/3148541
3187699,/tr-TR/TR/urun/LC-WAIKIKI/kadin/Bluz/6562101/3187699
3192516,/tr-TR/TR/urun/LC-WAIKIKI/kadin/Tisort/6730964/3192516
2447770,/tr-TR/TR/urun/outlet/LC-WAIKIKI/kadin/Kazak/5779221/2447770
3147491,/tr-TR/TR/urun/LC-WAIKIKI/kadin/Bluz/6655042/3147491
3267970,/tr-TR/TR/urun/LC-WAIKIKI/kadin/Tunik/6844395/3267970
3152877,/tr-TR/TR/urun/LC-WAIKIKI/kadin/Pantolon/6504121/3152877
3187701,/tr-TR/TR/urun/LC-WAIKIKI/kadin/Bluz/6562101/3187701
3189250,/tr-TR/TR/urun/LC-WAIKIKI/kadin/Bluz/6613514/3189250
3187702,/tr-TR/TR/urun/LC-WAIKIKI/kadin/Bluz/6562101/3187702
1787545,/tr-TR/TR/urun/outlet/LC-WAIKIKI/kadin/Bluz/5353319/1787545
2648721,/tr-TR/TR/urun/outlet/LC-WAIKIKI/kadin/Bluz/6332062/2648721
3049137,/tr-TR/TR/urun/LC-WAIKIKI/kadin/Bluz/6612879/3049137
3147492,/tr-TR/TR/urun/LC-WAIKIKI/kadin/Bluz/6655042/3147492
3414357,/tr-TR/TR/urun/LC-WAIKIKI/kadin/Tisort/6930340/3414357
3257140,/tr-TR/TR/urun/LC-WAIKIKI/kadin/Yelek/6804481/3257140
3188905,/tr-TR/TR/urun/LC-WAIKIKI/kadin/Bluz/6604003/3188905
3061079,/tr-TR/TR/urun/LC-WAIKIKI/kadin/Bluz/6564981/3061079
3241834,/tr-TR/TR/urun/LC-WAIKIKI/kadin/Tisort/6821217/3241834
3138300,/tr-TR/TR/urun/LC-WAIKIKI/kadin/Tisort/6562256/3138300
3061090,/tr-TR/TR/urun/LC-WAIKIKI/kadin/Bluz/6570512/3061090
2368763,/tr-TR/TR/urun/outlet/LC-WAIKIKI/kadin/Tunik/5848681/2368763
3218703,/tr-TR/TR/urun/LC-WAIKIKI/kadin/Bluz/6737640/3218703
3166103,/tr-TR/TR/urun/LC-WAIKIKI/kadin/Bluz/6841787/3166103
3199070,/tr-TR/TR/urun/LC-WAIKIKI/kadin/Tisort/6615160/3199070
2212936,/tr-TR/TR/urun/LC-WAIKIKI/kadin/Kazak/5334064/2212936
3237785,/tr-TR/TR/urun/LC-WAIKIKI/kadin/Bluz/6803688/3237785
2549479,/tr-TR/TR/urun/LC-WAIKIKI/kadin/Gomlek-Ceket/5871387/2549479
2420275,/tr-TR/TR/urun/outlet/LC-WAIKIKI/kadin/Tunik/5918337/2420275
3189252,/tr-TR/TR/urun/LC-WAIKIKI/kadin/Bluz/6613531/3189252
3166086,/tr-TR/TR/urun/LC-WAIKIKI/kadin/Tisort/6615158/3166086
3423419,/tr-TR/TR/urun/Markalar/kadin/Pantolon/500070262/3423419
3188576,/tr-TR/TR/urun/LC-WAIKIKI/kadin/Bluz/6590869/3188576
3111511,/tr-TR/TR/urun/LC-WAIKIKI/kadin/Bluz/6570504/3111511
3188585,/tr-TR/TR/urun/LC-WAIKIKI/kadin/Gomlek/6591012/3188585
3272499,/tr-TR/TR/urun/LC-WAIKIKI/kadin/Bluz/6733808/3272499
2471592,/tr-TR/TR/urun/outlet/LC-WAIKIKI/kadin/Bluz/5888031/2471592
3135126,/tr-TR/TR/urun/LC-WAIKIKI/kadin/Tunik/6723944/3135126
2595974,/tr-TR/TR/urun/outlet/LC-WAIKIKI/kadin/Gomlek/6180080/2595974